{
  "./model_core/testImages/test_img_1.jpg": {
    "predictions": {
      "pred_boxes": [
        [
          1036,
          1606,
          1591,
          1785
        ],
        [
          2283,
          1611,
          2650,
          2239
        ],
        [
          980,
          2286,
          2135,
          2999
        ],
        [
          830,
          2079,
          1388,
          2499
        ],
        [
          2694,
          2480,
          3166,
          2979
        ],
        [
          1762,
          901,
          3116,
          1541
        ],
        [
          1146,
          588,
          1475,
          1046
        ],
        [
          652,
          1250,
          1016,
          1654
        ]
      ],
      "pred_labels": [
        "Polychaeta",
        "Amphipoda",
        "Amphipoda",
        "Amphipoda",
        "Amphipoda",
        "Amphipoda",
        "Unknown",
        "Polychaeta"
      ],
      "pred_scores": [
        0.934607207775116,
        0.8998726010322571,
        0.8972257971763611,
        0.8116341233253479,
        0.6418544054031372,
        0.6221505999565125,
        0.5046268105506897,
        0.4465441107749939
      ]
    }
  }
}