{
  "C:/Users/edwar/Desktop/Cal Poly/Ecology Project/forge-test-2/src/photos_src/M12_2_Apr19_3.jpg": {
    "predictions": {
      "pred_boxes": [
        [
          3294,
          1906,
          3766,
          2174
        ],
        [
          2676,
          2164,
          3085,
          2403
        ],
        [
          1846,
          2669,
          2238,
          2886
        ],
        [
          816,
          1746,
          1621,
          3206
        ],
        [
          749,
          300,
          3779,
          1672
        ],
        [
          2539,
          2868,
          2931,
          3326
        ],
        [
          3066,
          2869,
          3364,
          3082
        ]
      ],
      "pred_labels": [
        "Amphipoda",
        "Polychaeta",
        "Ostracoda",
        "Polychaeta",
        "Amphipoda",
        "Unknown",
        "Amphipoda"
      ],
      "pred_scores": [
        0.9867926836013794,
        0.958845317363739,
        0.9262135028839111,
        0.8864719867706299,
        0.8488459587097168,
        0.8203892707824707,
        0.6317479610443115
      ]
    }
  },
  "C:/Users/edwar/Desktop/Cal Poly/Ecology Project/forge-test-2/src/photos_src/M12_2_Oct19_1.jpg": {
    "predictions": {
      "pred_boxes": [
        [
          1581,
          120,
          2483,
          1986
        ],
        [
          1164,
          1572,
          2037,
          2337
        ],
        [
          3475,
          2901,
          3777,
          3117
        ],
        [
          1334,
          620,
          1881,
          1991
        ],
        [
          2314,
          2560,
          2582,
          2800
        ],
        [
          3198,
          682,
          3398,
          955
        ],
        [
          3243,
          1517,
          3818,
          2024
        ],
        [
          3644,
          2256,
          3838,
          2440
        ],
        [
          2639,
          2459,
          3090,
          3021
        ],
        [
          1338,
          2071,
          1630,
          2669
        ],
        [
          1952,
          408,
          2498,
          734
        ],
        [
          3692,
          1080,
          3910,
          1362
        ],
        [
          3227,
          2599,
          3531,
          2893
        ],
        [
          1777,
          2687,
          2041,
          2908
        ],
        [
          4671,
          1405,
          4917,
          1624
        ]
      ],
      "pred_labels": [
        "Polychaeta",
        "Polychaeta",
        "Ostracoda",
        "Polychaeta",
        "Ostracoda",
        "Ostracoda",
        "Unknown",
        "Ostracoda",
        "Polychaeta",
        "Polychaeta",
        "Polychaeta",
        "Ostracoda",
        "Unknown",
        "Ostracoda",
        "Polychaeta"
      ],
      "pred_scores": [
        0.9645436406135559,
        0.9480783939361572,
        0.9209698438644409,
        0.9191677570343018,
        0.8926985859870911,
        0.8663759231567383,
        0.8460352420806885,
        0.8366411328315735,
        0.834285318851471,
        0.833152711391449,
        0.7514361143112183,
        0.7448616623878479,
        0.7316444516181946,
        0.696590781211853,
        0.5825551152229309
      ]
    }
  },
  "C:/Users/edwar/Desktop/Cal Poly/Ecology Project/forge-test-2/src/photos_src/M12_2_Oct19_2.jpg": {
    "predictions": {
      "pred_boxes": [
        [
          2217,
          1997,
          2928,
          2696
        ],
        [
          3471,
          183,
          4210,
          1477
        ],
        [
          3350,
          1110,
          4402,
          2611
        ],
        [
          1193,
          1088,
          1920,
          1868
        ],
        [
          1124,
          2718,
          2710,
          3240
        ],
        [
          3027,
          2968,
          3825,
          3469
        ],
        [
          1506,
          1895,
          1833,
          2461
        ],
        [
          3036,
          759,
          3299,
          1065
        ],
        [
          3730,
          2487,
          3995,
          2728
        ],
        [
          2236,
          1248,
          2503,
          1514
        ],
        [
          1725,
          418,
          2459,
          952
        ],
        [
          1490,
          2511,
          1769,
          2719
        ],
        [
          2873,
          1522,
          3198,
          1822
        ],
        [
          3214,
          1557,
          3622,
          1809
        ],
        [
          5113,
          1068,
          5377,
          1249
        ],
        [
          1165,
          1562,
          1691,
          1884
        ],
        [
          2394,
          785,
          2760,
          1117
        ],
        [
          1913,
          1965,
          2040,
          2086
        ],
        [
          2063,
          1925,
          2284,
          2122
        ],
        [
          2923,
          473,
          3139,
          611
        ]
      ],
      "pred_labels": [
        "Unknown",
        "Polychaeta",
        "Polychaeta",
        "Polychaeta",
        "Polychaeta",
        "Polychaeta",
        "Polychaeta",
        "Ostracoda",
        "Ostracoda",
        "Ostracoda",
        "Amphipoda",
        "Ostracoda",
        "Polychaeta",
        "Polychaeta",
        "Polychaeta",
        "Polychaeta",
        "Polychaeta",
        "Ostracoda",
        "Polychaeta",
        "Polychaeta"
      ],
      "pred_scores": [
        0.9922873973846436,
        0.9769783616065979,
        0.9636995196342468,
        0.9365246891975403,
        0.9345211982727051,
        0.9199952483177185,
        0.9145687818527222,
        0.8886473774909973,
        0.8868842720985413,
        0.8829914927482605,
        0.8228516578674316,
        0.7536404132843018,
        0.7450496554374695,
        0.6458362340927124,
        0.613040566444397,
        0.5978241562843323,
        0.5308504104614258,
        0.4358653128147125,
        0.43213075399398804,
        0.42800888419151306
      ]
    }
  }
}