{
  "C:/Users/edwar/Desktop/Cal Poly/Ecology Project/forge-test-2/src/photos_src/M12_3_Oct19_6.jpg": {
    "predictions": {
      "pred_boxes": [
        [
          1755,
          1264,
          2216,
          1662
        ],
        [
          1764,
          1940,
          2348,
          2331
        ],
        [
          2587,
          515,
          3167,
          1681
        ],
        [
          3354,
          2250,
          3686,
          2712
        ],
        [
          3379,
          229,
          4973,
          1167
        ],
        [
          2108,
          271,
          2635,
          1210
        ],
        [
          2861,
          2228,
          3440,
          2950
        ],
        [
          4137,
          1809,
          4510,
          2676
        ],
        [
          3173,
          522,
          3397,
          1256
        ],
        [
          1890,
          2272,
          2434,
          3220
        ],
        [
          3430,
          645,
          3893,
          1089
        ],
        [
          2625,
          2737,
          3141,
          2966
        ],
        [
          3657,
          2231,
          3864,
          2552
        ],
        [
          4205,
          1069,
          4781,
          1973
        ],
        [
          2664,
          1439,
          2877,
          1701
        ],
        [
          2291,
          1809,
          2738,
          2234
        ],
        [
          879,
          745,
          1016,
          862
        ],
        [
          3125,
          1471,
          3960,
          2067
        ],
        [
          0,
          1277,
          125,
          1415
        ]
      ],
      "pred_labels": [
        "Amphipoda",
        "Polychaeta",
        "Polychaeta",
        "Polychaeta",
        "Polychaeta",
        "Polychaeta",
        "Polychaeta",
        "Polychaeta",
        "Polychaeta",
        "Polychaeta",
        "Polychaeta",
        "Polychaeta",
        "Unknown",
        "Polychaeta",
        "Ostracoda",
        "Amphipoda",
        "Polychaeta",
        "Amphipoda",
        "Polychaeta"
      ],
      "pred_scores": [
        0.9670599699020386,
        0.9570438265800476,
        0.9478163719177246,
        0.9449644088745117,
        0.9409659504890442,
        0.9351633787155151,
        0.9303038120269775,
        0.903822124004364,
        0.8997664451599121,
        0.8938940167427063,
        0.8688693642616272,
        0.8175545930862427,
        0.803546130657196,
        0.7998963594436646,
        0.7548064589500427,
        0.6895203590393066,
        0.6341685056686401,
        0.6161985993385315,
        0.5131352543830872
      ]
    }
  }
}