{
  "C:/Users/edwar/Desktop/Cal Poly/Ecology Project/forge-test-2/src/photos_src/M12_2_Oct19_2.jpg": {
    "predictions": {
      "pred_boxes": [
        [
          2217,
          1997,
          2928,
          2696
        ],
        [
          3471,
          183,
          4210,
          1477
        ],
        [
          3350,
          1110,
          4402,
          2611
        ],
        [
          1193,
          1088,
          1920,
          1868
        ],
        [
          1124,
          2718,
          2710,
          3240
        ],
        [
          3027,
          2968,
          3825,
          3469
        ],
        [
          1506,
          1895,
          1833,
          2461
        ],
        [
          3036,
          759,
          3299,
          1065
        ],
        [
          3730,
          2487,
          3995,
          2728
        ],
        [
          2236,
          1248,
          2503,
          1514
        ],
        [
          1725,
          418,
          2459,
          952
        ],
        [
          1490,
          2511,
          1769,
          2719
        ],
        [
          2873,
          1522,
          3198,
          1822
        ],
        [
          3214,
          1557,
          3622,
          1809
        ],
        [
          5113,
          1068,
          5377,
          1249
        ],
        [
          1165,
          1562,
          1691,
          1884
        ],
        [
          2394,
          785,
          2760,
          1117
        ],
        [
          1913,
          1965,
          2040,
          2086
        ],
        [
          2063,
          1925,
          2284,
          2122
        ],
        [
          2923,
          473,
          3139,
          611
        ]
      ],
      "pred_labels": [
        "Unknown",
        "Polychaeta",
        "Polychaeta",
        "Polychaeta",
        "Polychaeta",
        "Polychaeta",
        "Polychaeta",
        "Ostracoda",
        "Ostracoda",
        "Ostracoda",
        "Amphipoda",
        "Ostracoda",
        "Polychaeta",
        "Polychaeta",
        "Polychaeta",
        "Polychaeta",
        "Polychaeta",
        "Ostracoda",
        "Polychaeta",
        "Polychaeta"
      ],
      "pred_scores": [
        0.9922873973846436,
        0.9769783616065979,
        0.9636995196342468,
        0.9365246891975403,
        0.9345211982727051,
        0.9199952483177185,
        0.9145687818527222,
        0.8886473774909973,
        0.8868842720985413,
        0.8829914927482605,
        0.8228516578674316,
        0.7536404132843018,
        0.7450496554374695,
        0.6458362340927124,
        0.613040566444397,
        0.5978241562843323,
        0.5308504104614258,
        0.4358653128147125,
        0.43213075399398804,
        0.42800888419151306
      ]
    }
  },
  "C:/Users/edwar/Desktop/Cal Poly/Ecology Project/forge-test-2/src/photos_src/M12_3_Oct19_7.jpg": {
    "predictions": {
      "pred_boxes": [
        [
          2370,
          1182,
          3450,
          1613
        ],
        [
          2899,
          118,
          4410,
          1732
        ],
        [
          1566,
          1187,
          2335,
          3164
        ],
        [
          2192,
          482,
          2817,
          921
        ],
        [
          2710,
          1790,
          4904,
          3237
        ],
        [
          1465,
          138,
          2319,
          1057
        ]
      ],
      "pred_labels": [
        "Polychaeta",
        "Polychaeta",
        "Unknown",
        "Unknown",
        "Unknown",
        "Unknown"
      ],
      "pred_scores": [
        0.9558277130126953,
        0.9424079656600952,
        0.9362165331840515,
        0.923790693283081,
        0.9198639392852783,
        0.728400468826294
      ]
    }
  }
}