{
  "C:/Users/edwar/Desktop/Cal Poly/Ecology Project/forge-test-2/src/photos_src/M12_2_Oct19_10.jpg": {
    "predictions": {
      "pred_boxes": [
        [
          3179,
          857,
          3764,
          1424
        ],
        [
          3747,
          1429,
          3953,
          1687
        ]
      ],
      "pred_labels": [
        "Amphipoda",
        "Ostracoda"
      ],
      "pred_scores": [
        0.9058972001075745,
        0.7991083264350891
      ]
    }
  },
  "C:/Users/edwar/Desktop/Cal Poly/Ecology Project/forge-test-2/src/photos_src/M12_3_Oct19_7.jpg": {
    "predictions": {
      "pred_boxes": [
        [
          2370,
          1182,
          3450,
          1613
        ],
        [
          2899,
          118,
          4410,
          1732
        ],
        [
          1566,
          1187,
          2335,
          3164
        ],
        [
          2192,
          482,
          2817,
          921
        ],
        [
          2710,
          1790,
          4904,
          3237
        ],
        [
          1465,
          138,
          2319,
          1057
        ]
      ],
      "pred_labels": [
        "Polychaeta",
        "Polychaeta",
        "Unknown",
        "Unknown",
        "Unknown",
        "Unknown"
      ],
      "pred_scores": [
        0.9558277130126953,
        0.9424079656600952,
        0.9362165331840515,
        0.923790693283081,
        0.9198639392852783,
        0.728400468826294
      ]
    }
  }
}